{
  "project_info": {
    "project_number": "197303822486",
    "project_id": "beintouch-ea0de",
    "storage_bucket": "beintouch-ea0de.appspot.com"
  },
  "client": [
    {
      "client_info": {
        "mobilesdk_app_id": "1:197303822486:android:0cafdc353091e5d9d33ab7",
        "android_client_info": {
          "package_name": "com.ajith.beintouch"
        }
      },
      "oauth_client": [
        {
          "client_id": "197303822486-mdprb7u4e5kckr779rtepj9lbm392vhm.apps.googleusercontent.com",
          "client_type": 3
        }
      ],
      "api_key": [
        {
          "current_key": "AIzaSyDMLI2oRlbJzgbAKE85TEmlAHUI5uJ8HkU"
        }
      ],
      "services": {
        "appinvite_service": {
          "other_platform_oauth_client": [
            {
              "client_id": "197303822486-mdprb7u4e5kckr779rtepj9lbm392vhm.apps.googleusercontent.com",
              "client_type": 3
            }
          ]
        }
      }
    }
  ],
  "configuration_version": "1"
}